[
	{
		"pkg": "@capacitor-community/http",
		"classpath": "com.getcapacitor.plugin.http.Http"
	},
	{
		"pkg": "@capacitor/dialog",
		"classpath": "com.capacitorjs.plugins.dialog.DialogPlugin"
	},
	{
		"pkg": "@capacitor/preferences",
		"classpath": "com.capacitorjs.plugins.preferences.PreferencesPlugin"
	},
	{
		"pkg": "@capacitor/splash-screen",
		"classpath": "com.capacitorjs.plugins.splashscreen.SplashScreenPlugin"
	},
	{
		"pkg": "@capacitor/toast",
		"classpath": "com.capacitorjs.plugins.toast.ToastPlugin"
	}
]
